{
  "n_pos": 67,
  "n_neg": 133,
  "marker_hit_rate": 0.0,
  "norm_diff": 53.58984375,
  "separation": 53.58985900878906,
  "cos_sim_rand": -0.002226646989583969
}