{
  "n_pos": 135,
  "n_neg": 65,
  "marker_hit_rate": 0.0,
  "norm_diff": 95.71843719482422,
  "separation": 95.71847534179688,
  "cos_sim_rand": 0.004619405139237642
}