{
  "n_pos": 141,
  "n_neg": 59,
  "marker_hit_rate": 0.0,
  "norm_diff": 87.42012023925781,
  "separation": 87.42013549804688,
  "cos_sim_rand": 0.004759041592478752
}