{
  "n_pos": 144,
  "n_neg": 56,
  "marker_hit_rate": 0.0,
  "norm_diff": 72.749267578125,
  "separation": 72.74929809570312,
  "cos_sim_rand": 0.0002863678673747927
}